{
  "train": {
    "loss": [
      2.1973534813294044,
      1.6165845736479147,
      1.3450357877291166,
      1.1660522922491416,
      1.0508179910672018,
      0.9351844824277438,
      0.8432975176053169,
      0.7792563881629553,
      0.7314479296788191,
      0.7018167224449989,
      0.6737605729164221,
      0.6524494284238571,
      0.6294163454037446,
      0.615052269360958,
      0.6060449811892632,
      0.590843282143275,
      0.5829061111578575,
      0.5732703891320107,
      0.5633499044638414,
      0.5653475245604148,
      0.5497891001976454,
      0.5466085216173759,
      0.5385178613357055,
      0.5340087283116121,
      0.5303047709740125,
      0.36379779432064446,
      0.31195071186774814,
      0.29060473075279825,
      0.2781042375243627,
      0.2647920317756824,
      0.25572648527912606,
      0.24874992603674914,
      0.24103778279744661,
      0.23676787502108476,
      0.22764636064187074,
      0.22871115557276286,
      0.22087069736459317,
      0.2185017290787819,
      0.212211922966899,
      0.2129180370615079,
      0.17426419447247798,
      0.16109654280619742,
      0.15524531796765634,
      0.15146063378988167,
      0.15071968771517277,
      0.14642010910961872,
      0.14757719579606485,
      0.14430954095262746,
      0.1407530229538679,
      0.13865813231812074
    ],
    "acc": [
      19.841746794871796,
      39.583333333333336,
      50.53485576923077,
      57.95673076923077,
      62.60616987179487,
      67.04927884615384,
      70.16025641025641,
      72.8886217948718,
      74.42107371794872,
      75.7411858974359,
      76.78084935897436,
      77.52403846153847,
      78.2832532051282,
      78.72596153846153,
      79.17067307692308,
      79.51522435897436,
      79.92588141025641,
      80.13020833333333,
      80.64302884615384,
      80.59294871794872,
      81.13982371794872,
      81.17788461538461,
      81.46834935897436,
      81.47435897435898,
      81.76482371794872,
      87.40785256410257,
      89.3329326923077,
      90.05809294871794,
      90.24639423076923,
      90.81330128205128,
      91.20592948717949,
      91.49839743589743,
      91.49238782051282,
      91.85897435897436,
      92.09735576923077,
      92.01923076923077,
      92.37580128205128,
      92.3417467948718,
      92.7764423076923,
      92.47596153846153,
      94.04246794871794,
      94.46314102564102,
      94.68149038461539,
      94.69350961538461,
      94.96794871794872,
      94.93189102564102,
      94.93189102564102,
      94.90785256410257,
      95.22435897435898,
      95.16225961538461
    ]
  },
  "test": {
    "loss": [
      1.7704939966201783,
      1.431486039352417,
      1.089051526260376,
      1.1664210708618163,
      0.9784832159042358,
      0.9325615370750427,
      0.7084810170650482,
      0.822398996925354,
      0.6756880319595336,
      0.7034559044837951,
      0.6118233958244323,
      0.5982348425388336,
      0.8481848354816437,
      0.6085719970703125,
      0.7444329170227051,
      0.5343969031333924,
      0.7690088619232178,
      0.5578041731834411,
      0.5417189009666443,
      0.5659162872314453,
      0.6778547843933106,
      0.6388169162750245,
      0.6059288273811341,
      0.5938405112743378,
      0.5194422383785248,
      0.26422580640316007,
      0.24584522441625595,
      0.23833362165689467,
      0.2363439006328583,
      0.2256622986316681,
      0.21940371865034103,
      0.22119124794006348,
      0.20631882383823394,
      0.23700203347206117,
      0.2074571219921112,
      0.21441718119382858,
      0.19910136620104313,
      0.21457666182518007,
      0.22090991587638856,
      0.21498374971151352,
      0.1787087008357048,
      0.17579870307445525,
      0.177181689453125,
      0.17473291910886765,
      0.17913241456151008,
      0.17505668791532517,
      0.1738964215397835,
      0.17599056193828583,
      0.17267755570411683,
      0.17331417870521545
    ],
    "acc": [
      34.73,
      49.54,
      61.36,
      58.58,
      66.07,
      68.24,
      76.17,
      72.93,
      76.98,
      76.26,
      78.98,
      79.67,
      72.21,
      79.92,
      76.35,
      82.11,
      77.04,
      81.88,
      81.86,
      80.84,
      78.86,
      79.72,
      80.28,
      80.35,
      82.8,
      91.06,
      91.51,
      92.05,
      91.93,
      92.22,
      92.48,
      92.43,
      92.76,
      92.21,
      93.05,
      92.71,
      93.17,
      92.77,
      92.9,
      92.98,
      93.9,
      94.08,
      93.97,
      94.12,
      93.88,
      94.1,
      94.21,
      94.18,
      94.12,
      94.32
    ]
  },
  "best_acc": 94.32,
  "final_acc": 94.32,
  "config": {
    "random_seed": 42,
    "batch_size": 128,
    "initial_lr": 0.1,
    "momentum": 0.9,
    "weight_decay": 0.0005,
    "epochs": 50,
    "lr_milestones": [
      25,
      40
    ],
    "use_cutout": true
  }
}