{
  "train": {
    "loss": [
      1.8987688125708164,
      1.3262741930973836,
      1.0259557834038369,
      0.820828075439502,
      0.6885067965739813,
      0.5941756053612782,
      0.5394829504764997,
      0.5034131364180492,
      0.4775164611828633,
      0.45889625633374237,
      0.4449542754353621,
      0.4257144959691243,
      0.41099911786806886,
      0.4061511281973276,
      0.39518378640596685,
      0.38468602280586195,
      0.37178225884070765,
      0.3751209870744974,
      0.3631528506294275,
      0.36365176569192836,
      0.35712681989639233,
      0.3500676147830792,
      0.35282411781641154,
      0.3441214804848035,
      0.34227071373890605,
      0.19650565190957142,
      0.14747304716744483,
      0.12867929337498468,
      0.11505456713911814,
      0.1017897463332002,
      0.09263888208243327,
      0.08660523015528153,
      0.07792772683195578,
      0.07241805833406173,
      0.06927183527642718,
      0.06213610112810364,
      0.05691504615526169,
      0.05664563162538868,
      0.052167504479010134,
      0.05041675855501149,
      0.03444200572080146,
      0.025421000796203047,
      0.023530174665248548,
      0.021915122440371377,
      0.019541419061044087,
      0.018155235432398817,
      0.017506098457110614,
      0.01675084533217626,
      0.015958712552674115,
      0.014557650534268947
    ],
    "acc": [
      32.05929487179487,
      51.76682692307692,
      63.17307692307692,
      71.10176282051282,
      75.83133012820512,
      79.28084935897436,
      81.20392628205128,
      82.8104967948718,
      83.671875,
      84.32291666666667,
      84.90184294871794,
      85.2323717948718,
      85.82732371794872,
      86.11979166666667,
      86.54447115384616,
      86.88902243589743,
      87.40584935897436,
      87.0733173076923,
      87.6141826923077,
      87.71434294871794,
      87.85857371794872,
      88.06490384615384,
      88.02483974358974,
      88.22315705128206,
      88.25721153846153,
      93.34935897435898,
      94.98798076923077,
      95.62900641025641,
      96.12580128205128,
      96.61658653846153,
      96.98116987179488,
      97.03125,
      97.40584935897436,
      97.53205128205128,
      97.65625,
      97.94471153846153,
      98.10697115384616,
      98.13501602564102,
      98.2832532051282,
      98.359375,
      98.91025641025641,
      99.26883012820512,
      99.34294871794872,
      99.4110576923077,
      99.50721153846153,
      99.53725961538461,
      99.54527243589743,
      99.60136217948718,
      99.61538461538461,
      99.6494391025641
    ]
  },
  "test": {
    "loss": [
      1.4748719295501709,
      1.4587863189697265,
      0.9719030729293823,
      0.8966458646774292,
      0.8861872486114502,
      0.673206519317627,
      0.7135579562187195,
      0.6756899561882019,
      0.4842683348655701,
      0.5912747039794922,
      0.57866216173172,
      0.5408049841880799,
      0.522852902841568,
      0.7096291053295135,
      0.4961759924888611,
      0.44662737712860107,
      0.5356602160930634,
      0.5509790301322937,
      0.5289196297645569,
      0.5068298858642578,
      0.5088881507873535,
      0.4597207655906677,
      0.5820552851676941,
      0.5350461598873139,
      0.5382477792739868,
      0.2300837891101837,
      0.2234062213897705,
      0.2271635689854622,
      0.22315134886503218,
      0.21990427697896958,
      0.21416564676761626,
      0.23469841454029083,
      0.23800607435703278,
      0.24139012377262115,
      0.23852211654186248,
      0.2420686923980713,
      0.23633099269866945,
      0.25191266531944273,
      0.25935852403640747,
      0.26847640342712403,
      0.22021637296676635,
      0.22058441145420074,
      0.22053826489448547,
      0.21938990030288696,
      0.22021498622894287,
      0.22313537724018098,
      0.2233777756690979,
      0.22585754296779634,
      0.22632233443260194,
      0.22370321264266968
    ],
    "acc": [
      45.62,
      52.32,
      65.39,
      68.97,
      70.45,
      76.7,
      76.15,
      77.46,
      83.65,
      79.64,
      80.71,
      82.69,
      82.33,
      77.61,
      83.23,
      84.64,
      83.15,
      81.53,
      82.98,
      83.51,
      83.56,
      85.09,
      80.88,
      82.48,
      82.58,
      92.26,
      92.48,
      92.4,
      92.57,
      92.83,
      92.99,
      92.53,
      92.55,
      92.67,
      93.04,
      92.78,
      93.09,
      92.95,
      92.85,
      92.55,
      93.75,
      93.87,
      93.87,
      93.84,
      93.86,
      93.92,
      93.9,
      93.88,
      93.95,
      93.98
    ]
  },
  "best_acc": 93.98,
  "final_acc": 93.98,
  "config": {
    "random_seed": 42,
    "batch_size": 128,
    "initial_lr": 0.1,
    "momentum": 0.9,
    "weight_decay": 0.0005,
    "epochs": 50,
    "lr_milestones": [
      25,
      40
    ],
    "use_cutout": false
  }
}